"metric","model_lr_0","model_lr_1","model_lr_2","model_lr_3","model_rf_0_50","model_rf_1_50","model_rf_2_50","model_rf_3_50","model_gbt_0","model_gbt_1","model_gbt_2","model_gbt_3","best_model"
"mean_abs_smd",0.0185498030416467,0.0137179754008091,0.015619749743986,0.00765109601829028,0.0199224894269487,0.0167745570933826,0.0188681385046478,0.0158410987528558,0.0183363792030525,0.018110141362913,0.0178658927078383,0.0224844525740743,"model_lr_3"
"max_abs_smd",0.16496326151019,0.125672521272832,0.155392256562951,0.0580571105275556,0.188612718662329,0.157693559301751,0.163840822913416,0.134923548084382,0.164251810663954,0.165335019236565,0.192332125497655,0.253110948884709,"model_lr_3"
"mean_ks",0.016670753468214,0.0133144728871242,0.0150556609252596,0.00817633487963213,0.0177394380256691,0.0151854358759522,0.0171320181798183,0.0144348080389614,0.0161945470758745,0.0161465029891031,0.0180115125945171,0.0194951182967515,"model_lr_3"
"max_ks",0.0731384202091035,0.0588080451189859,0.0694917103419893,0.0504989792733156,0.0869904523960014,0.0574168449415157,0.0891822828991198,0.0583446685387326,0.063778760601856,0.0635840654788045,0.082151332570246,0.0938512224283551,"model_lr_3"
